{"app":["/app-e3bbee0c887321518dfa.js"],"component---src-pages-about-js":["/component---src-pages-about-js-9f5034a1463e30997944.js"],"component---src-pages-connext-js":["/component---src-pages-connext-js-5d2d2c53148cfe825916.js"],"component---src-pages-dirext-js":["/component---src-pages-dirext-js-8145a8acc22e206b18f7.js"],"component---src-pages-index-js":["/component---src-pages-index-js-da3da381c7f96d929519.js"],"component---src-pages-team-js":["/component---src-pages-team-js-1068d5918733a4b42d9d.js"]}