{"errors":[],"warnings":[],"namedChunkGroups":{"app":{"chunks":[8,7,1,0],"assets":["webpack-runtime-99bdf183e722a5bf209c.js","webpack-runtime-99bdf183e722a5bf209c.js.map","styles.0ee6c9ccd1952d66f5bd.css","styles-007417cb44130e211f48.js","styles-007417cb44130e211f48.js.map","commons-eaa586a5f146d51b009c.js","commons-eaa586a5f146d51b009c.js.map","app-e3bbee0c887321518dfa.js","app-e3bbee0c887321518dfa.js.map"],"children":{},"childAssets":{}},"component---src-pages-about-js":{"chunks":[2],"assets":["component---src-pages-about-js-9f5034a1463e30997944.js","component---src-pages-about-js-9f5034a1463e30997944.js.map"],"children":{},"childAssets":{}},"component---src-pages-connext-js":{"chunks":[3],"assets":["component---src-pages-connext-js-5d2d2c53148cfe825916.js","component---src-pages-connext-js-5d2d2c53148cfe825916.js.map"],"children":{},"childAssets":{}},"component---src-pages-dirext-js":{"chunks":[4],"assets":["component---src-pages-dirext-js-8145a8acc22e206b18f7.js","component---src-pages-dirext-js-8145a8acc22e206b18f7.js.map"],"children":{},"childAssets":{}},"component---src-pages-index-js":{"chunks":[5],"assets":["component---src-pages-index-js-da3da381c7f96d929519.js","component---src-pages-index-js-da3da381c7f96d929519.js.map"],"children":{},"childAssets":{}},"component---src-pages-team-js":{"chunks":[6],"assets":["component---src-pages-team-js-1068d5918733a4b42d9d.js","component---src-pages-team-js-1068d5918733a4b42d9d.js.map"],"children":{},"childAssets":{}}},"assetsByChunkName":{"app":["webpack-runtime-99bdf183e722a5bf209c.js","styles.0ee6c9ccd1952d66f5bd.css","styles-007417cb44130e211f48.js","commons-eaa586a5f146d51b009c.js","app-e3bbee0c887321518dfa.js"],"component---src-pages-about-js":["component---src-pages-about-js-9f5034a1463e30997944.js"],"component---src-pages-connext-js":["component---src-pages-connext-js-5d2d2c53148cfe825916.js"],"component---src-pages-dirext-js":["component---src-pages-dirext-js-8145a8acc22e206b18f7.js"],"component---src-pages-index-js":["component---src-pages-index-js-da3da381c7f96d929519.js"],"component---src-pages-team-js":["component---src-pages-team-js-1068d5918733a4b42d9d.js"]}}